cost_function,budget_percentage,algorithm,edge_removal_percentage,mean_influenced_nodes,std_influenced_nodes,baseline_influenced_nodes
Degree,1.0,CGG,1.0,554.3,0.8645047258706176,555
Degree,1.0,CGG,5.0,544.7,12.096541480500674,555
Degree,1.0,CGG,10.0,538.4,14.525476711082849,555
Degree,1.0,CGG,20.0,527.95,13.869599470557331,555
Degree,1.0,CSG-f1,1.0,158.6,6.22727447350934,158
Degree,1.0,CSG-f1,5.0,164.65,7.050755838542194,158
Degree,1.0,CSG-f1,10.0,172.35,8.922325634992369,158
Degree,1.0,CSG-f1,20.0,189.25,9.808025714742623,158
Degree,1.0,CSG-f2,1.0,211.35,0.48936048492959344,211
Degree,1.0,CSG-f2,5.0,213.7,1.657518754359248,211
Degree,1.0,CSG-f2,10.0,216.8,2.1175954586076653,211
Degree,1.0,CSG-f2,20.0,224.0,3.583588322220882,211
Degree,2.0,CGG,1.0,891.55,7.74239864913356,899
Degree,2.0,CGG,5.0,864.75,15.48471232504738,899
Degree,2.0,CGG,10.0,854.0,17.594855707519212,899
Degree,2.0,CGG,20.0,840.75,17.899941193669925,899
Degree,2.0,CSG-f1,1.0,368.8,1.4363696929192336,368
Degree,2.0,CSG-f1,5.0,374.55,3.9132030224276404,368
Degree,2.0,CSG-f1,10.0,380.25,3.945350361334748,368
Degree,2.0,CSG-f1,20.0,391.45,4.784569496115393,368
Degree,2.0,CSG-f2,1.0,264.5,0.5129891760425732,264
Degree,2.0,CSG-f2,5.0,267.45,1.8771478925556944,264
Degree,2.0,CSG-f2,10.0,270.5,1.8778487131485306,264
Degree,2.0,CSG-f2,20.0,277.75,4.10231000393937,264
Degree,5.0,CGG,1.0,1406.45,6.270020565734779,1411
Degree,5.0,CGG,5.0,1387.2,15.429295443886511,1411
Degree,5.0,CGG,10.0,1375.35,14.84755872189097,1411
Degree,5.0,CGG,20.0,1359.0,16.415653633362478,1411
Degree,5.0,CSG-f1,1.0,481.0,1.5559732104310136,480
Degree,5.0,CSG-f1,5.0,488.55,5.576973334968288,480
Degree,5.0,CSG-f1,10.0,496.0,5.776540578290051,480
Degree,5.0,CSG-f1,20.0,509.95,7.437281619969541,480
Degree,5.0,CSG-f2,1.0,412.3,0.5712405705774778,412
Degree,5.0,CSG-f2,5.0,413.85,1.2680278927697628,412
Degree,5.0,CSG-f2,10.0,416.5,1.9867985355975522,412
Degree,5.0,CSG-f2,20.0,421.9,3.1102546857976745,412
Degree,10.0,CGG,1.0,2313.3,62.5620534055252,2405
Degree,10.0,CGG,5.0,2222.45,70.39697586208024,2405
Degree,10.0,CGG,10.0,2190.05,73.64743537179082,2405
Degree,10.0,CGG,20.0,2176.95,66.70159392082732,2405
Degree,10.0,CSG-f1,1.0,651.9,2.074912807299296,650
Degree,10.0,CSG-f1,5.0,660.4,5.423147270339368,650
Degree,10.0,CSG-f1,10.0,668.4,5.557356433261738,650
Degree,10.0,CSG-f1,20.0,683.65,6.149668369321375,650
Degree,10.0,CSG-f2,1.0,617.35,0.6708203932499901,617
Degree,10.0,CSG-f2,5.0,619.05,1.4317821063276308,617
Degree,10.0,CSG-f2,10.0,621.65,2.20704613263492,617
Degree,10.0,CSG-f2,20.0,626.85,3.528455752875467,617
Degree,20.0,CGG,1.0,3293.25,89.55673003597683,3467
Degree,20.0,CGG,5.0,3194.45,164.6413886059797,3467
Degree,20.0,CGG,10.0,3174.55,147.93685530622432,3467
Degree,20.0,CGG,20.0,3228.3,118.54073250641703,3467
Degree,20.0,CSG-f1,1.0,1854.75,1.6503588126605706,1853
Degree,20.0,CSG-f1,5.0,1861.15,3.9373381336821205,1853
Degree,20.0,CSG-f1,10.0,1865.65,4.183614654691232,1853
Degree,20.0,CSG-f1,20.0,1873.2,7.331259674916219,1853
Degree,20.0,CSG-f2,1.0,1081.35,0.5871429486124122,1081
Degree,20.0,CSG-f2,5.0,1082.7,1.380312702938974,1081
Degree,20.0,CSG-f2,10.0,1084.75,2.5105042479444806,1081
Degree,20.0,CSG-f2,20.0,1090.15,3.6313691777706842,1081
Random,1.0,CGG,1.0,573.6,15.75603476700109,588
Random,1.0,CGG,5.0,550.15,18.15510657464841,588
Random,1.0,CGG,10.0,538.85,21.834967127836144,588
Random,1.0,CGG,20.0,535.8,14.325538476147393,588
Random,1.0,CSG-f1,1.0,295.7,3.6720853103265245,293
Random,1.0,CSG-f1,5.0,303.55,5.510516261992532,293
Random,1.0,CSG-f1,10.0,314.45,10.133191942688553,293
Random,1.0,CSG-f1,20.0,338.25,12.130323031234791,293
Random,1.0,CSG-f2,1.0,225.35,1.9540780569443912,224
Random,1.0,CSG-f2,5.0,230.3,3.6863903325896668,224
Random,1.0,CSG-f2,10.0,239.9,7.261288851813684,224
Random,1.0,CSG-f2,20.0,258.2,7.891367702149373,224
Random,2.0,CGG,1.0,862.0,16.805387607299608,882
Random,2.0,CGG,5.0,828.1,21.67924061594892,882
Random,2.0,CGG,10.0,807.65,23.669378396658633,882
Random,2.0,CGG,20.0,805.6,16.249372457518405,882
Random,2.0,CSG-f1,1.0,411.45,3.677456214630749,409
Random,2.0,CSG-f1,5.0,419.75,5.169495547007117,409
Random,2.0,CSG-f1,10.0,431.45,9.61071222509986,409
Random,2.0,CSG-f1,20.0,455.8,13.097207416287768,409
Random,2.0,CSG-f2,1.0,368.35,3.4377930497095956,366
Random,2.0,CSG-f2,5.0,375.75,5.066660895656923,366
Random,2.0,CSG-f2,10.0,386.95,9.281985949024838,366
Random,2.0,CSG-f2,20.0,409.45,11.00944570524975,366
Random,5.0,CGG,1.0,2029.65,197.41014611583086,2519
Random,5.0,CGG,5.0,1714.2,167.02209119565111,2519
Random,5.0,CGG,10.0,1662.6,106.0314749695133,2519
Random,5.0,CGG,20.0,1758.15,208.08026664828415,2519
Random,5.0,CSG-f1,1.0,1365.85,32.83495409660741,1354
Random,5.0,CSG-f1,5.0,1380.65,42.90046619793311,1354
Random,5.0,CSG-f1,10.0,1401.1,65.49077878039897,1354
Random,5.0,CSG-f1,20.0,1419.8,51.22150041987402,1354
Random,5.0,CSG-f2,1.0,1535.65,58.52059916231027,1553
Random,5.0,CSG-f2,5.0,1485.0,90.2890096476747,1553
Random,5.0,CSG-f2,10.0,1465.35,153.4848783911198,1553
Random,5.0,CSG-f2,20.0,1520.5,87.42425292789183,1553
Random,10.0,CGG,1.0,3493.85,296.34639670848924,4039
Random,10.0,CGG,5.0,2983.65,425.9077333982339,4039
Random,10.0,CGG,10.0,3017.4,381.61683732025745,4039
Random,10.0,CGG,20.0,3038.8,342.7915739307118,4039
Random,10.0,CSG-f1,1.0,2895.45,48.09691422424874,2883
Random,10.0,CSG-f1,5.0,2901.8,59.07942913881634,2883
Random,10.0,CSG-f1,10.0,2962.4,60.55567251450686,2883
Random,10.0,CSG-f1,20.0,2949.15,64.67756057633336,2883
Random,10.0,CSG-f2,1.0,3088.55,32.06650162265581,3095
Random,10.0,CSG-f2,5.0,3090.4,47.29459744377176,3095
Random,10.0,CSG-f2,10.0,3105.95,43.1356184486484,3095
Random,10.0,CSG-f2,20.0,3144.05,60.019711674363116,3095
Random,20.0,CGG,1.0,3493.85,296.34639670848924,4039
Random,20.0,CGG,5.0,2983.65,425.9077333982339,4039
Random,20.0,CGG,10.0,3017.4,381.61683732025745,4039
Random,20.0,CGG,20.0,3038.8,342.7915739307118,4039
Random,20.0,CSG-f1,1.0,4012.1,3.093286448525529,4012
Random,20.0,CSG-f1,5.0,4013.05,2.8557421378505077,4012
Random,20.0,CSG-f1,10.0,4012.3,6.061960773631874,4012
Random,20.0,CSG-f1,20.0,4016.3,4.802411674850175,4012
Random,20.0,CSG-f2,1.0,3962.2,2.462348045004351,3963
Random,20.0,CSG-f2,5.0,3958.6,9.121403400793083,3963
Random,20.0,CSG-f2,10.0,3962.95,9.121836149418678,3963
Random,20.0,CSG-f2,20.0,3980.55,15.632203602617386,3963
