cost_function, budget_percentage, algorithm, node_removal_percentage, mean_influenced_nodes, std_influenced_nodes, mean_surviving_seed_count, std_surviving_seed_count, baseline_influenced_nodes
Degree       ,               1.0, CGG      ,                     1.0,                543.5 ,  12.967570888059258 ,                    437.7 ,       3.2622239750142694,                       555
Degree       ,               1.0, CGG      ,                     5.0,                515.1 ,  13.726271391597573 ,                    420.1 ,       3.6113855046447005,                       555
Degree       ,               1.0, CGG      ,                    10.0,                477.0 ,  15.068265712382004 ,                    397.0 ,       5.390049311365094 ,                       555
Degree       ,               1.0, CGG      ,                    20.0,                415.0 ,  17.579892820462454 ,                    352.1 ,       8.353379398089192 ,                       555
Degree       ,               1.0, CSG-f1   ,                     1.0,                157.0 ,   3.539253563885143 ,                    115.7 ,       1.080935267549162 ,                       158
Degree       ,               1.0, CSG-f1   ,                     5.0,                155.65,   9.404786015641186 ,                    111.05,       2.7620549177054854,                       158
Degree       ,               1.0, CSG-f1   ,                    10.0,                174.6 ,  56.80659709650113  ,                    105.05,       3.3635038122078655,                       158
Degree       ,               1.0, CSG-f1   ,                    20.0,                160.7 ,  44.16130718889081  ,                     93.15,       4.2087002619261025,                       158
Degree       ,               1.0, CSG-f2   ,                     1.0,                209.0 ,   1.9735087641318614,                    206.45,       1.7910596686995341,                       211
Degree       ,               1.0, CSG-f2   ,                     5.0,                203.8 ,   6.100905886143388 ,                    199.0 ,       3.2118202741878608,                       211
Degree       ,               1.0, CSG-f2   ,                    10.0,                197.95,   8.388431884070119 ,                    189.3 ,       3.6720853103265165,                       211
Degree       ,               1.0, CSG-f2   ,                    20.0,                178.55,   8.450942021611057 ,                    166.75,       5.398586559656638 ,                       211
Degree       ,               2.0, CGG      ,                     1.0,                875.2 ,  17.623548839101904 ,                    661.25,       3.492473109567588 ,                       899
Degree       ,               2.0, CGG      ,                     5.0,                817.15,  19.984928531797475 ,                    635.35,       5.402484808425011 ,                       899
Degree       ,               2.0, CGG      ,                    10.0,                751.85,  22.618750954392716 ,                    600.55,       7.229144231220555 ,                       899
Degree       ,               2.0, CGG      ,                    20.0,                653.75,  27.395495211708386 ,                    532.65,      11.324286895174037 ,                       899
Degree       ,               2.0, CSG-f1   ,                     1.0,                364.9 ,   1.8890264827766647,                    175.3 ,       1.3416407864998732,                       368
Degree       ,               2.0, CSG-f1   ,                     5.0,                353.7 ,   9.481838595857601 ,                    167.75,       3.041381265149114 ,                       368
Degree       ,               2.0, CSG-f1   ,                    10.0,                336.05,  12.692621146908445 ,                    158.7 ,       4.341961720115387 ,                       368
Degree       ,               2.0, CSG-f1   ,                    20.0,                307.35,  11.384546312297303 ,                    140.8 ,       6.0227638348623875,                       368
Degree       ,               2.0, CSG-f2   ,                     1.0,                261.6 ,   1.7290094517412373,                    258.1 ,       1.7441631985447603,                       264
Degree       ,               2.0, CSG-f2   ,                     5.0,                254.7 ,   5.292497172015255 ,                    248.65,       3.0135658193191115,                       264
Degree       ,               2.0, CSG-f2   ,                    10.0,                246.6 ,   8.792341164780566 ,                    236.15,       3.7314453246063097,                       264
Degree       ,               2.0, CSG-f2   ,                    20.0,                222.35,   8.561080846666375 ,                    208.85,       5.887319111088634 ,                       264
Degree       ,               5.0, CGG      ,                     1.0,               1387.85,  16.148244160703204 ,                   1089.4 ,       4.369752492087532 ,                      1411
Degree       ,               5.0, CGG      ,                     5.0,               1307.6 ,  19.86639585356459  ,                   1046.25,       7.2828204484396455,                      1411
Degree       ,               5.0, CGG      ,                    10.0,               1214.85,  29.120936581236904 ,                    990.4 ,       9.675797260772836 ,                      1411
Degree       ,               5.0, CGG      ,                    20.0,               1061.8 ,  26.40295039334968  ,                    878.0 ,      14.03379380000476  ,                      1411
Degree       ,               5.0, CSG-f1   ,                     1.0,                476.0 ,   2.2242680641174175,                    284.05,       1.7006190823220493,                       480
Degree       ,               5.0, CSG-f1   ,                     5.0,                460.55,   9.253591052581745 ,                    272.0 ,       4.812265031857877 ,                       480
Degree       ,               5.0, CSG-f1   ,                    10.0,                439.45,  13.188811047327393 ,                    257.85,       6.02865962234602  ,                       480
Degree       ,               5.0, CSG-f1   ,                    20.0,                399.55,  11.771844196619053 ,                    227.65,       8.981120549006649 ,                       480
Degree       ,               5.0, CSG-f2   ,                     1.0,                408.3 ,   2.696976865033577 ,                    403.9 ,       2.381949665825519 ,                       412
Degree       ,               5.0, CSG-f2   ,                     5.0,                394.85,   6.335156708899619 ,                    388.2 ,       3.8058127287500376,                       412
Degree       ,               5.0, CSG-f2   ,                    10.0,                376.25,   6.843167933670851 ,                    368.6 ,       4.1851869102447745,                       412
Degree       ,               5.0, CSG-f2   ,                    20.0,                336.5 ,   9.19668132363087  ,                    325.9 ,       7.4826114214364114,                       412
Degree       ,              10.0, CGG      ,                     1.0,               2271.3 ,  73.92179366700573  ,                   1524.05,       4.23612285493529  ,                      2405
Degree       ,              10.0, CGG      ,                     5.0,               2076.05,  75.18641744637816  ,                   1463.55,       7.315988259321239 ,                      2405
Degree       ,              10.0, CGG      ,                    10.0,               1882.4 ,  57.69465906139432  ,                   1385.45,      12.725750934310497 ,                      2405
Degree       ,              10.0, CGG      ,                    20.0,               1639.6 ,  79.18160339238831  ,                   1229.75,      16.58114020585785  ,                      2405
Degree       ,              10.0, CSG-f1   ,                     1.0,                645.3 ,   2.6377821625073787,                    443.75,       1.9701723141310314,                       650
Degree       ,              10.0, CSG-f1   ,                     5.0,                624.7 ,   9.984725176093006 ,                    425.45,       5.020746432239149 ,                       650
Degree       ,              10.0, CSG-f1   ,                    10.0,                595.25,  13.21432635636912  ,                    402.7 ,       6.4896679016482945,                       650
Degree       ,              10.0, CSG-f1   ,                    20.0,                551.05,  48.59551094710831  ,                    355.4 ,      11.208079792345293 ,                       650
Degree       ,              10.0, CSG-f2   ,                     1.0,                611.45,   2.799906013460189 ,                    607.1 ,       2.403944127558086 ,                       617
Degree       ,              10.0, CSG-f2   ,                     5.0,                590.5 ,   6.5010120669582765,                    583.6 ,       4.694902050432772 ,                       617
Degree       ,              10.0, CSG-f2   ,                    10.0,                561.5 ,   7.359204762529876 ,                    553.7 ,       5.676359099949463 ,                       617
Degree       ,              10.0, CSG-f2   ,                    20.0,                500.85,   9.60961689361782  ,                    489.8 ,       8.924242559632614 ,                       617
Degree       ,              20.0, CGG      ,                     1.0,               3264.05, 147.17067606944272  ,                   1962.65,       3.923948065539682 ,                      3467
Degree       ,              20.0, CGG      ,                     5.0,               2931.65, 117.55772378305323  ,                   1884.05,       5.276312508202156 ,                      3467
Degree       ,              20.0, CGG      ,                    10.0,               2695.35, 114.64190241562498  ,                   1783.15,      10.158092444217242 ,                      3467
Degree       ,              20.0, CGG      ,                    20.0,               2352.1 , 129.6728271661537   ,                   1582.4 ,      16.19096564201938  ,                      3467
Degree       ,              20.0, CSG-f1   ,                     1.0,               1835.45,   3.501503436495459 ,                    840.9 ,       2.4687520819444835,                      1853
Degree       ,              20.0, CSG-f1   ,                     5.0,               1765.1 ,  13.50204662848913  ,                    805.9 ,       6.812527160737744 ,                      1853
Degree       ,              20.0, CSG-f1   ,                    10.0,               1672.05,  14.15134362227803  ,                    763.55,       7.789838184928401 ,                      1853
Degree       ,              20.0, CSG-f1   ,                    20.0,               1491.45,  24.241059122250004 ,                    677.3 ,      13.841584941191192 ,                      1853
Degree       ,              20.0, CSG-f2   ,                     1.0,               1070.9 ,   3.740250484153489 ,                   1064.55,       3.06894461543893  ,                      1081
Degree       ,              20.0, CSG-f2   ,                     5.0,               1031.5 ,   8.684529499724144 ,                   1022.05,       6.5492064605689215,                      1081
Degree       ,              20.0, CSG-f2   ,                    10.0,                979.7 ,   9.142727912620535 ,                    969.4 ,       8.061604907474099 ,                      1081
Degree       ,              20.0, CSG-f2   ,                    20.0,                872.05,  13.128815234958722 ,                    858.95,      12.605241182268497 ,                      1081
Random       ,               1.0, CGG      ,                     1.0,                568.15,  17.159545448525147 ,                    118.25,       1.5174424466672054,                       588
Random       ,               1.0, CGG      ,                     5.0,                521.35,  30.982635204425844 ,                    113.6 ,       2.623777911012247 ,                       588
Random       ,               1.0, CGG      ,                    10.0,                461.2 ,  42.13836856432814  ,                    107.15,       2.7198103649064627,                       588
Random       ,               1.0, CGG      ,                    20.0,                400.6 ,  35.50448452030575  ,                     95.15,       3.7455236440878363,                       588
Random       ,               1.0, CSG-f1   ,                     1.0,                291.35,   3.0135658193191106,                    144.4 ,       1.0462967275611987,                       293
Random       ,               1.0, CSG-f1   ,                     5.0,                288.65,   8.689225027523882 ,                    138.9 ,       2.3373399185263635,                       293
Random       ,               1.0, CSG-f1   ,                    10.0,                276.55,  18.684288361587317 ,                    131.95,       3.5611204623500745,                       293
Random       ,               1.0, CSG-f1   ,                    20.0,                261.4 ,  22.5211012164148   ,                    118.75,       4.632550735371333 ,                       293
Random       ,               1.0, CSG-f2   ,                     1.0,                223.55,   2.163695668842644 ,                    138.8 ,       0.8944271909999034,                       224
Random       ,               1.0, CSG-f2   ,                     5.0,                223.15,   7.5691548579189405,                    134.05,       2.258900524358555 ,                       224
Random       ,               1.0, CSG-f2   ,                    10.0,                211.1 ,  17.973372117194863 ,                    127.05,       3.6197557347074385,                       224
Random       ,               1.0, CSG-f2   ,                    20.0,                201.9 ,  21.3415828348025   ,                    114.35,       4.760307376187958 ,                       224
Random       ,               2.0, CGG      ,                     1.0,                849.75,  23.603913591650567 ,                    281.7 ,       1.6889735281961629,                       882
Random       ,               2.0, CGG      ,                     5.0,                769.35,  35.883253681025664 ,                    269.7 ,       3.8539112053792   ,                       882
Random       ,               2.0, CGG      ,                    10.0,                687.25,  51.25054556834134  ,                    255.35,       5.565637051539898 ,                       882
Random       ,               2.0, CGG      ,                    20.0,                597.25,  44.149119321251554 ,                    227.05,       7.458481572573675 ,                       882
Random       ,               2.0, CSG-f1   ,                     1.0,                407.0 ,   4.142208919989681 ,                    249.6 ,       1.569445091341794 ,                       409
Random       ,               2.0, CSG-f1   ,                     5.0,                400.75,   9.346403755343268 ,                    241.25,       3.6255671062752772,                       409
Random       ,               2.0, CSG-f1   ,                    10.0,                381.6 ,  20.371290427565224 ,                    228.1 ,       5.476264573978369 ,                       409
Random       ,               2.0, CSG-f1   ,                    20.0,                356.0 ,  25.22738695607571  ,                    204.4 ,       6.260990336999413 ,                       409
Random       ,               2.0, CSG-f2   ,                     1.0,                363.75,   3.160196529531536 ,                    241.55,       1.3945382182304205,                       366
Random       ,               2.0, CSG-f2   ,                     5.0,                358.4 ,   8.86981872478386  ,                    233.1 ,       3.9722723180090567,                       366
Random       ,               2.0, CSG-f2   ,                    10.0,                340.15,  21.798780748135044 ,                    220.3 ,       5.777451632720177 ,                       366
Random       ,               2.0, CSG-f2   ,                    20.0,                317.35,  25.062605820750484 ,                    197.8 ,       6.802476329288203 ,                       366
Random       ,               5.0, CGG      ,                     1.0,               1992.5 , 228.8197405911704   ,                    612.6 ,       2.303315687849749 ,                      2519
Random       ,               5.0, CGG      ,                     5.0,               1621.2 , 153.31687173267898  ,                    587.5 ,       5.266577836248421 ,                      2519
Random       ,               5.0, CGG      ,                    10.0,               1475.3 , 216.21507323666597  ,                    557.0 ,       6.6806870116305   ,                      2519
Random       ,               5.0, CGG      ,                    20.0,               1280.3 , 191.69358773560305  ,                    494.6 ,       9.461278427024762 ,                      2519
Random       ,               5.0, CSG-f1   ,                     1.0,               1347.35,  37.617570082972755 ,                    481.65,       1.7851728502481754,                      1354
Random       ,               5.0, CSG-f1   ,                     5.0,               1278.4 , 100.04546334962973  ,                    463.9 ,       3.8099592482970457,                      1354
Random       ,               5.0, CSG-f1   ,                    10.0,               1214.65, 121.68781238978106  ,                    439.15,       6.07215387087473  ,                      1354
Random       ,               5.0, CSG-f1   ,                    20.0,               1092.05, 110.02079946896168  ,                    392.85,      10.317460927960914 ,                      1354
Random       ,               5.0, CSG-f2   ,                     1.0,               1479.85,  89.60631732898726  ,                    527.3 ,       1.4903196407411907,                      1553
Random       ,               5.0, CSG-f2   ,                     5.0,               1280.1 , 155.96521204557462  ,                    506.8 ,       4.926833081252732 ,                      1553
Random       ,               5.0, CSG-f2   ,                    10.0,               1153.85, 202.41470588347758  ,                    479.35,       7.292930968085685 ,                      1553
Random       ,               5.0, CSG-f2   ,                    20.0,               1049.1 , 175.06807698420454  ,                    427.6 ,      10.449880382090507 ,                      1553
Random       ,              10.0, CGG      ,                     1.0,               3320.1 , 413.65239666072017  ,                    917.3 ,       2.386364775575014 ,                      4039
Random       ,              10.0, CGG      ,                     5.0,               2703.0 , 332.5317555077299   ,                    880.0 ,       6.529286250990107 ,                      4039
Random       ,              10.0, CGG      ,                    10.0,               2429.1 , 273.49144122084095  ,                    834.5 ,       7.272876792721382 ,                      4039
Random       ,              10.0, CGG      ,                    20.0,               2035.75, 379.61710279812485  ,                    743.75,      10.212865982619544 ,                      4039
Random       ,              10.0, CSG-f1   ,                     1.0,               2883.45,  56.7770107294179   ,                    860.85,       2.3232237130876188,                      2883
Random       ,              10.0, CSG-f1   ,                     5.0,               2798.5 ,  64.98785311603687  ,                    826.35,       4.997631017739676 ,                      2883
Random       ,              10.0, CSG-f1   ,                    10.0,               2624.8 ,  68.37250909539594  ,                    784.2 ,       5.899152481501049 ,                      2883
Random       ,              10.0, CSG-f1   ,                    20.0,               2358.15,  77.41839506691448  ,                    698.2 ,       9.111011267460363 ,                      2883
Random       ,              10.0, CSG-f2   ,                     1.0,               3033.85,  60.612900311819175 ,                    969.7 ,       2.5567248786803947,                      3095
Random       ,              10.0, CSG-f2   ,                     5.0,               2870.0 ,  64.6227921337193   ,                    931.55,       5.124502543251342 ,                      3095
Random       ,              10.0, CSG-f2   ,                    10.0,               2739.25,  87.80053650477493  ,                    883.25,       6.9726910911520745,                      3095
Random       ,              10.0, CSG-f2   ,                    20.0,               2484.6 ,  79.3230569785422   ,                    785.1 ,       9.335275487153709 ,                      3095
Random       ,              20.0, CGG      ,                     1.0,               3320.1 , 413.65239666072017  ,                    917.3 ,       2.386364775575014 ,                      4039
Random       ,              20.0, CGG      ,                     5.0,               2703.0 , 332.5317555077299   ,                    880.0 ,       6.529286250990107 ,                      4039
Random       ,              20.0, CGG      ,                    10.0,               2429.1 , 273.49144122084095  ,                    834.5 ,       7.272876792721382 ,                      4039
Random       ,              20.0, CGG      ,                    20.0,               2035.75, 379.61710279812485  ,                    743.75,      10.212865982619544 ,                      4039
Random       ,              20.0, CSG-f1   ,                     1.0,               3970.05,   3.284332824983384 ,                   1480.65,       3.0655127501044004,                      4012
Random       ,              20.0, CSG-f1   ,                     5.0,               3804.8 ,   7.038241407145913 ,                   1422.55,       5.951337753197309 ,                      4012
Random       ,              20.0, CSG-f1   ,                    10.0,               3591.4 ,  19.70679818582518  ,                   1350.2 ,       8.075955214807637 ,                      4012
Random       ,              20.0, CSG-f1   ,                    20.0,               3182.55,  24.39472548685362  ,                   1201.75,      11.728844336663531 ,                      4012
Random       ,              20.0, CSG-f2   ,                     1.0,               3921.25,   3.6974386582577106,                   1604.4 ,       3.803045870711677 ,                      3963
Random       ,              20.0, CSG-f2   ,                     5.0,               3757.8 ,  11.81257135873741  ,                   1541.6 ,       6.87022561492702  ,                      3963
Random       ,              20.0, CSG-f2   ,                    10.0,               3552.1 ,  17.692995938030347 ,                   1461.8 ,       9.282694708576361 ,                      3963
Random       ,              20.0, CSG-f2   ,                    20.0,               3151.55,  22.312316636427763 ,                   1299.7 ,      13.970269183255954 ,                      3963
